{
    "mean": 52.446214768641276,
    "median": 47.0,
    "std": 46.154191806957364,
    "min": -1022.0,
    "max": 3070.0,
    "percentile_99_5": 190.0,
    "percentile_00_5": -44.0
}