{
    "mean": 52.199846542207574,
    "median": 47.0,
    "std": 46.22807218202953,
    "min": -1022.0,
    "max": 3070.0,
    "percentile_99_5": 189.0,
    "percentile_00_5": -44.0
}